,date,difficulty,hashrate,price,revenue
1,01/01/2017,3.17688E+11,2463610.662,964.84,1970085.325
2,02/01/2017,3.17688E+11,2526780.166,997.36,2138666.021
3,03/01/2017,3.17688E+11,2589949.671,1013.42,2245225.092
4,04/01/2017,3.17688E+11,2432025.91,1037.83,2332472.035
5,05/01/2017,3.17688E+11,2210932.646,1109.16,2009800.815
6,06/01/2017,3.17688E+11,2542572.542,999.65,1998357.991
7,07/01/2017,3.17688E+11,2195140.27,891.95,1591509.292
8,08/01/2017,3.17688E+11,2637326.799,906.16,1990960.486
9,09/01/2017,3.17688E+11,2147763.141,910.49,1630568.18
10,10/01/2017,3.19489E+11,2679581.84,896.92,1939796.81
11,11/01/2017,3.369E+11,2562350.134,903.66,1724412.855
12,12/01/2017,3.369E+11,2897297.864,780.92,1782924.467
13,13/01/2017,3.369E+11,2528855.361,805.52,1590739.039
14,14/01/2017,3.369E+11,2880550.478,825,1922419.877
15,15/01/2017,3.369E+11,2796813.545,819.55,1759094.941
16,16/01/2017,3.369E+11,2830308.318,822.01,1890860.272
17,17/01/2017,3.369E+11,2646087.067,830.56,1911475.34
18,18/01/2017,3.369E+11,2528855.361,906.6,1743249.948
19,19/01/2017,3.369E+11,2914045.251,885.44,2054585.923
20,20/01/2017,3.369E+11,3165256.048,903.1,2264569.902
21,21/01/2017,3.369E+11,3031276.956,895.64,2201839.33
22,22/01/2017,3.39478E+11,3398969.892,921.99,2075068.613
23,23/01/2017,3.92963E+11,2715269.052,922.33,1683925.096
24,24/01/2017,3.92963E+11,2910612.149,919.97,1810841.27
25,25/01/2017,3.92963E+11,2930146.459,883.59,1783698.257
26,26/01/2017,3.92963E+11,3066886.627,893.14,1864867.309
27,27/01/2017,3.92963E+11,3320832.653,915.05,2050038.681
28,28/01/2017,3.92963E+11,2969215.078,918.01,1879276.997
29,29/01/2017,3.92963E+11,3262229.724,918.62,2072803.26
30,30/01/2017,3.92963E+11,2852009.22,912.19,1795537.905
31,31/01/2017,3.92963E+11,2832474.91,920,1941511.115
32,01/02/2017,3.92963E+11,3750587.467,964.1,2481667.385
33,02/02/2017,3.92963E+11,3066886.627,983.42,2186504.055
34,03/02/2017,3.92963E+11,2910612.149,1008.67,2050478.543
35,04/02/2017,3.93568E+11,3043000.843,1015.65,1975355.921
36,05/02/2017,4.22171E+11,3336807.821,1034.07,2203638.314
37,06/02/2017,4.22171E+11,2623276.589,1011.08,1757705.557
38,07/02/2017,4.22171E+11,3168918.119,1023.96,2175238.105
39,08/02/2017,4.22171E+11,3063987.056,1052.84,2085023.019
40,09/02/2017,4.22171E+11,3546669.948,1050.7,2395178.568
41,10/02/2017,4.22171E+11,3105959.481,985.34,1972446.177
42,11/02/2017,4.22171E+11,2917083.567,997.59,1853403.108
43,12/02/2017,4.22171E+11,2959055.992,1012.46,1849457.278
44,13/02/2017,4.22171E+11,3420752.672,1000.74,2178384.199
45,14/02/2017,4.22171E+11,3546669.948,1001.2,2357500.757
46,15/02/2017,4.22171E+11,2917083.567,1007.08,1906440.004
47,16/02/2017,4.22171E+11,3189904.332,1011.25,2102990.202
48,17/02/2017,4.22171E+11,3168918.119,1035.2,2146125.844
49,18/02/2017,4.32944E+11,3330515.744,1054.55,2210588.074
50,19/02/2017,4.4078E+11,2936112.564,1056,2008419.457
51,20/02/2017,4.4078E+11,3242870.593,1050.87,2148454.967
52,21/02/2017,4.4078E+11,3023757.715,1084.06,2107035.344
53,22/02/2017,4.4078E+11,3045669.003,1125,2152117.275
54,23/02/2017,4.4078E+11,3286693.168,1130.01,2411188.068
55,24/02/2017,4.4078E+11,3637273.773,1187.41,2699193.338
56,25/02/2017,4.4078E+11,3659185.061,1180.14,2897863.037
57,26/02/2017,4.4078E+11,3900209.227,1150.37,2837916.158
58,27/02/2017,4.4078E+11,3155225.442,1180.46,2365572.169
59,28/02/2017,4.4078E+11,3352427.032,1194.17,2548889.197
60,01/03/2017,4.4078E+11,3155225.442,1190.89,2448421.999
61,02/03/2017,4.4078E+11,3440072.183,1224.98,2775953.239
62,03/03/2017,4.45546E+11,3458650.323,1257.6,2741612.926
63,04/03/2017,4.60769E+11,3069265.85,1287,2424004.591
64,05/03/2017,4.60769E+11,3367030.447,1262.2,2599170.734
65,06/03/2017,4.60769E+11,3252505.602,1271.04,2635445.798
66,07/03/2017,4.60769E+11,3504460.261,1279.5,2870767.753
67,08/03/2017,4.60769E+11,3252505.602,1233.88,2442222.938
68,09/03/2017,4.60769E+11,3389935.416,1155.11,2451454.03
69,10/03/2017,4.60769E+11,3573175.168,1192.09,2659880.948
70,11/03/2017,4.60769E+11,3412840.385,1104.94,2432383.774
71,12/03/2017,4.60769E+11,3550270.199,1176.59,2573064.173
72,13/03/2017,4.60769E+11,3321220.509,1227.68,2616524.973
73,14/03/2017,4.60769E+11,3573175.168,1240.72,2813129.111
74,15/03/2017,4.60769E+11,3252505.602,1246.72,2585616.414
75,16/03/2017,4.60769E+11,3504460.261,1257,2731477.731
76,17/03/2017,4.69886E+11,3641704.837,1170.2,2500138.202
77,18/03/2017,4.75705E+11,3712647.139,1068.3,2307093.257
78,19/03/2017,4.75705E+11,3925474.045,967.69,2330150.157
79,20/03/2017,4.75705E+11,3216051.025,1010.99,2014133.751
80,21/03/2017,4.75705E+11,3357935.629,1031.5,2221575.561
81,22/03/2017,4.75705E+11,3807236.875,1113,2425381.945
82,23/03/2017,4.75705E+11,3499820.233,1030.2,2160694.826
83,24/03/2017,4.75705E+11,4161948.385,1029.99,2405463.763
84,25/03/2017,4.75705E+11,3145108.723,927.93,1714220.762
85,26/03/2017,4.75705E+11,3925474.045,961.81,2211048.928
86,27/03/2017,4.75705E+11,3121461.289,959.47,1843886.294
87,28/03/2017,4.75705E+11,3665352.271,1041.04,2264423.985
88,29/03/2017,4.75705E+11,3263345.893,1042.77,2063813.439
89,30/03/2017,4.82855E+11,4073274.033,1039.77,2413075.132
90,31/03/2017,4.99636E+11,3352999.966,1034.74,2209101.935
91,01/04/2017,4.99636E+11,3278488.856,1073.09,2025106.759
92,02/04/2017,4.99636E+11,3924251.812,1082.81,2378690.407
93,03/04/2017,4.99636E+11,4371318.475,1079.99,2916926.023
94,04/04/2017,4.99636E+11,3104629.598,1146.98,2045569.045
95,05/04/2017,4.99636E+11,4023599.96,1141.23,2673677.81
96,06/04/2017,4.99636E+11,3651044.408,1133.53,2432718.259
97,07/04/2017,4.99636E+11,4023599.96,1193.73,2835523.669
98,08/04/2017,4.99636E+11,3402674.04,1190.22,2302445.271
99,09/04/2017,4.99636E+11,3949088.849,1184.03,2639028.48
100,10/04/2017,4.99636E+11,3675881.445,1206.18,2501424.11
101,11/04/2017,4.99636E+11,4147785.144,1209.99,2847416.315
102,12/04/2017,4.99636E+11,3526859.224,1219.09,2459161.238
103,13/04/2017,5.17808E+11,3287972.007,1212.17,2152057.91
104,14/04/2017,5.20809E+11,3598646.527,1174.43,2375849.278
105,15/04/2017,5.20809E+11,3909321.047,1170.36,2472770.088
106,16/04/2017,5.20809E+11,3779873.33,1190.5,2422454.871
107,17/04/2017,5.20809E+11,3572756.984,1161.1,2405342.15
108,18/04/2017,5.20809E+11,3779873.33,1176.97,2573482.227
109,19/04/2017,5.20809E+11,3702204.7,1201.2,2444733.66
110,20/04/2017,5.20809E+11,3598646.527,1205,2424413.356
111,21/04/2017,5.20809E+11,4323553.741,1236.63,2938953.715
112,22/04/2017,5.20809E+11,3753983.787,1243.61,2504139.263
113,23/04/2017,5.20809E+11,3961100.134,1233.24,3003304.225
114,24/04/2017,5.20809E+11,3210303.377,1240.84,2166919.011
115,25/04/2017,5.20809E+11,3831652.417,1253.57,2730056.146
116,26/04/2017,5.20809E+11,3961100.134,1272.67,2834899.003
117,27/04/2017,5.2184E+11,3814281.634,1288.02,2802873.462
118,28/04/2017,5.21975E+11,3528859.199,1330.33,2599659.647
119,29/04/2017,5.21975E+11,4488916.48,1330.7,3282240.049
120,30/04/2017,5.21975E+11,3918071.61,1333,2841932.311
121,01/05/2017,5.21975E+11,3892124.116,1354.8,3028192.094
122,02/05/2017,5.21975E+11,4099704.069,1390.86,3252918.867
123,03/05/2017,5.21975E+11,3425069.222,1447.55,2801412.846
124,04/05/2017,5.21975E+11,4359179.01,1501,3837374.26
125,05/05/2017,5.21975E+11,3347226.74,1537.23,2992751.478
126,06/05/2017,5.21975E+11,4359179.01,1518.75,3736751.784
127,07/05/2017,5.21975E+11,4333231.516,1554.04,3798375.635
128,08/05/2017,5.21975E+11,4670548.939,1558.74,4358595.025
129,09/05/2017,5.21975E+11,4021861.587,1651.1,3851908.961
130,10/05/2017,5.55093E+11,4119773.002,1720.26,3872761.357
131,11/05/2017,5.59971E+11,3757901.049,1774.52,3603539.089
132,12/05/2017,5.59971E+11,4286790.827,1829,4010123.292
133,13/05/2017,5.59971E+11,4398136.043,1692.88,3887658.169
134,14/05/2017,5.59971E+11,4565153.868,1770.8,4502606.745
135,15/05/2017,5.59971E+11,4732171.692,1780,4329595.855
136,16/05/2017,5.59971E+11,3674392.137,1717.91,3642086.24
137,17/05/2017,5.59971E+11,4314627.131,1708.99,4421399.763
138,18/05/2017,5.59971E+11,3952755.178,1783.98,4037060.379
139,19/05/2017,5.59971E+11,4565153.868,1879.99,4815456.243
140,20/05/2017,5.59971E+11,4592990.172,1957.38,4886339.565
141,21/05/2017,5.59971E+11,4091936.698,2008.84,4467333.321
142,22/05/2017,5.59971E+11,4064100.394,2017.55,4964459.573
143,23/05/2017,5.84152E+11,4976737.782,2099.98,5849528.149
144,24/05/2017,5.95922E+11,4562009.633,2256.32,5777645.71
145,25/05/2017,5.95922E+11,4828620.586,2421.49,6652086.797
146,26/05/2017,5.95922E+11,4532386.194,2277.01,5857614.172
147,27/05/2017,5.95922E+11,4976737.782,2279.82,5550225.488
148,28/05/2017,5.95922E+11,4887867.464,2047.76,5637036.093
149,29/05/2017,5.95922E+11,4473139.316,2177.38,5363911.687
150,30/05/2017,5.95922E+11,5302595.613,2290.02,6715480.583
151,31/05/2017,5.95922E+11,4858244.025,2204.89,5896299.599
152,01/06/2017,5.95922E+11,5035984.66,2298.01,6453340.297
153,02/06/2017,5.95922E+11,4325022.12,2409.93,5582333.531
154,03/06/2017,5.95922E+11,5687700.322,2488.98,7556602.026
155,04/06/2017,6.28337E+11,5432357.042,2541.29,6277178.516
156,05/06/2017,6.7876E+11,5533581.086,2529.53,6653843.259
157,06/06/2017,6.7876E+11,5094943.561,2699.12,6998125.227
158,07/06/2017,6.7876E+11,5567322.434,2872.3,7719493.898
159,08/06/2017,6.7876E+11,5567322.434,2683.03,7029707.6
160,09/06/2017,6.7876E+11,5094943.561,2809.01,6703956.914
161,10/06/2017,6.7876E+11,4757530.08,2825.14,6249243.428
162,11/06/2017,6.7876E+11,4926236.821,2898.63,6463254.64
163,12/06/2017,6.7876E+11,4959978.169,2954.96,6495311.588
164,13/06/2017,6.7876E+11,4757530.08,2656.97,6081318.614
165,14/06/2017,6.7876E+11,4723788.732,2706,5950179.968
166,15/06/2017,6.7876E+11,5162426.257,2445,5519035.464
167,16/06/2017,6.7876E+11,4993719.517,2424.8,5412747.319
168,17/06/2017,6.79669E+11,5129905.644,2477.94,5553872.735
169,18/06/2017,7.11697E+11,5129905.644,2629.76,5352903.245
170,19/06/2017,7.11697E+11,5342177.602,2522,5967196.345
171,20/06/2017,7.11697E+11,4882255.027,2600,5831891.725
172,21/06/2017,7.11697E+11,4953012.346,2740,6054325.837
173,22/06/2017,7.11697E+11,4917633.687,2658.69,5940316.947
174,23/06/2017,7.11697E+11,5660585.539,2713.48,6351539.589
175,24/06/2017,7.11697E+11,5165284.304,2685.05,5726988.96
176,25/06/2017,7.11697E+11,4316196.473,2557,4568837.75
177,26/06/2017,7.11697E+11,5023769.665,2502.03,5353248.873
178,27/06/2017,7.11697E+11,4634604.41,2430,4795574.543
179,28/06/2017,7.11697E+11,5554449.56,2558.11,6013686.136
180,29/06/2017,7.11697E+11,4245439.154,2558.3,4992120.709
181,30/06/2017,7.11697E+11,5448313.581,2541.69,5808462.214
182,01/07/2017,7.11697E+11,5802100.177,2476.63,5723792.559
183,02/07/2017,7.08708E+11,6622798.791,2421.26,6234521.41
184,03/07/2017,7.08659E+11,5988701.034,2512.71,6150160.476
185,04/07/2017,7.08659E+11,5389830.931,2549.93,5722827.45
186,05/07/2017,7.08659E+11,5248920.318,2598.89,5452524.495
187,06/07/2017,7.08659E+11,5002326.746,2600,5302487.885
188,07/07/2017,7.08659E+11,5213692.665,2599.67,5325202.363
189,08/07/2017,7.08659E+11,5812562.768,2502.86,6009727.18
190,09/07/2017,7.08659E+11,4861416.134,2555.14,4856461.583
191,10/07/2017,7.08659E+11,6939847.669,2509.58,6632606.653
192,11/07/2017,7.08659E+11,6094383.994,2327.09,5605340.886
193,12/07/2017,7.08659E+11,6235294.606,2310.93,5756410.921
194,13/07/2017,7.08659E+11,5530741.543,2388,5143505.439
195,14/07/2017,7.61765E+11,5559049.844,2338.49,4517081.231
196,15/07/2017,8.04525E+11,5079131.872,2216.1,4159161.405
197,16/07/2017,8.04525E+11,6518885.788,1972.29,4283016.915
198,17/07/2017,8.04525E+11,5918988.323,1910.96,4205460.833
199,18/07/2017,8.04525E+11,6598872.117,2220.07,5318674.738
200,19/07/2017,8.04525E+11,5958981.488,2300.01,4764906.234
201,20/07/2017,8.04525E+11,6478892.624,2265.21,5545614.341
202,21/07/2017,8.04525E+11,6158947.309,2840,6018796.604
203,22/07/2017,8.04525E+11,6398906.295,2672.95,6110647.805
204,23/07/2017,8.04525E+11,6878824.267,2825.51,6298100.871
205,24/07/2017,8.04525E+11,7118783.254,2748.36,6819394.908
206,25/07/2017,8.04525E+11,5918988.323,2759.58,5561050.822
207,26/07/2017,8.04525E+11,5878995.159,2564.3,5002271.538
208,27/07/2017,8.36352E+11,6585327.485,2516.93,5771434.982
209,28/07/2017,8.60222E+11,6414280.018,2656.53,5722925.456
210,29/07/2017,8.60222E+11,6713613.086,2784.8,5834980.159
211,30/07/2017,8.60222E+11,6285994.418,2704.53,5356955.021
212,31/07/2017,8.60222E+11,6200470.684,2738.92,5611505.186
213,01/08/2017,8.60222E+11,6371518.151,2862.9,5340232.194
214,02/08/2017,8.60222E+11,6499803.752,2731.34,5580585.361
215,03/08/2017,8.60222E+11,5901137.617,2699.39,5137047.949
216,04/08/2017,8.60222E+11,7654374.155,2790,6640166.26
217,05/08/2017,8.60222E+11,7568850.421,2856.52,7486508.362
218,06/08/2017,8.60222E+11,5986661.35,3250.77,5937807.544
219,07/08/2017,8.60222E+11,6542565.619,3210.2,6910134.937
220,08/08/2017,8.60222E+11,7012946.153,3380.5,7561715.693
221,09/08/2017,8.88075E+11,6333394.737,3408.75,6474128.573
222,10/08/2017,9.23233E+11,6149818.078,3340.28,6425354.782
223,11/08/2017,9.23233E+11,6608759.726,3413.41,7518972.014
224,12/08/2017,9.23233E+11,6195712.243,3650,7177458.753
225,13/08/2017,9.23233E+11,6792336.385,3868.52,8678087.327
226,14/08/2017,9.23233E+11,5966241.419,4073.76,7951134.225
227,15/08/2017,9.23233E+11,6975913.044,4315.66,9519693.715
228,16/08/2017,9.23233E+11,5966241.419,4179.97,8485087.621
229,17/08/2017,9.23233E+11,8215055.493,4375.8,11714248.9
230,18/08/2017,9.23233E+11,6838230.55,4279.79,9384491.84
231,19/08/2017,9.23233E+11,6930018.879,4104.71,8768479.013
232,20/08/2017,9.23233E+11,5966241.419,4146.09,7630711.01
233,21/08/2017,9.23233E+11,5277828.948,4054.6,6995369.37
234,22/08/2017,9.23233E+11,4084580.664,3986.28,5699902.864
235,23/08/2017,9.23233E+11,7297172.197,4090.89,10516192.94
236,24/08/2017,8.91643E+11,4459277.508,4133.67,7293876.044
237,25/08/2017,8.88172E+11,4459277.508,4331.77,7365237.84
238,26/08/2017,8.88172E+11,4635882.557,4357.77,7490392.364
239,27/08/2017,8.88172E+11,6843445.68,4339.82,9978452.553
240,28/08/2017,8.88172E+11,5695512.856,4339.05,8575624.628
241,29/08/2017,8.88172E+11,6578538.105,4376.66,10414805.87
242,30/08/2017,8.88172E+11,7417412.092,4594.54,11654892.53
243,31/08/2017,8.88172E+11,7196655.78,4582.52,11477924.64
244,01/09/2017,8.88172E+11,7682319.667,4732.87,12687490.92
245,02/09/2017,8.88172E+11,7240807.042,4908.41,11028567.49
246,03/09/2017,8.88172E+11,6799294.418,4585.57,9941124.526
247,04/09/2017,8.88172E+11,7726470.929,4603.54,11230260.06
248,05/09/2017,8.88172E+11,8697798.703,4202.91,12122198.04
249,06/09/2017,9.03315E+11,7430760.766,4385.02,10596679.56
250,07/09/2017,9.22725E+11,8072925.277,4612.12,11388138.07
251,08/09/2017,9.22725E+11,8027056.383,4613.84,11151766.56
252,09/09/2017,9.22725E+11,7751843.021,4312.26,9960595.283
253,10/09/2017,9.22725E+11,6329907.319,4330.87,7986083.418
254,11/09/2017,9.22725E+11,7981187.489,4232.93,9856433.088
255,12/09/2017,9.22725E+11,8623352,4198.59,10615411.2
256,13/09/2017,9.22725E+11,8715089.787,4169.94,10157696.56
257,14/09/2017,9.22725E+11,7981187.489,3865.22,8831890.222
258,15/09/2017,9.22725E+11,8256400.851,3216.43,8179314.315
259,16/09/2017,9.22725E+11,7751843.021,3707.5,8409604.104
260,17/09/2017,9.22725E+11,8072925.277,3689.11,8420246.46
261,18/09/2017,1.05219E+12,6965995.452,3678.53,6915897.471
262,19/09/2017,1.1034E+12,8556655.83,4092.07,8616020.847
263,20/09/2017,1.1034E+12,6417491.873,3899.35,6356831.373
264,21/09/2017,1.1034E+12,9653662.988,3894.48,8852045.829
265,22/09/2017,1.1034E+12,7624199.746,3600.92,6725660.407
266,23/09/2017,1.1034E+12,9105159.409,3604.79,8189263.438
267,24/09/2017,1.1034E+12,7953301.894,3777.62,6998744.171
268,25/09/2017,1.1034E+12,6856294.736,3666.31,6662197.508
269,26/09/2017,1.1034E+12,7569349.388,3931.98,7447375.635
270,27/09/2017,1.1034E+12,8063002.609,3881,7976853.33
271,28/09/2017,1.1034E+12,9708513.346,4204.51,9951711.283
272,29/09/2017,1.1034E+12,9269710.483,4189.38,9243216.054
273,30/09/2017,1.1034E+12,7569349.388,4164.27,7783987.878
274,01/10/2017,1.1034E+12,7130546.525,4354.16,7508761.407
275,02/10/2017,1.12359E+12,8380132.04,4405.01,9042032.792
276,03/10/2017,1.12386E+12,10223761.09,4394.07,10862816.37
277,04/10/2017,1.12386E+12,7486251.289,4308.33,7937087.793
278,05/10/2017,1.12386E+12,6983443.366,4211.55,7562750.53
279,06/10/2017,1.12386E+12,8882939.962,4318.58,9444311.296
280,07/10/2017,1.12386E+12,8827072.415,4369.57,9178387.061
281,08/10/2017,1.12386E+12,10167893.54,4439.46,10982026.7
282,09/10/2017,1.12386E+12,8994675.056,4605.66,10167276.29
283,10/10/2017,1.12386E+12,8938807.509,4773.84,10589103.23
284,11/10/2017,1.12386E+12,7765589.023,4776.5,9171956.332
285,12/10/2017,1.12386E+12,8547734.68,4822.17,10642773.59
286,13/10/2017,1.12386E+12,7597986.383,5435.75,11205665.75
287,14/10/2017,1.12386E+12,7877324.117,5636.24,11510644.76
288,15/10/2017,1.18295E+12,11601113.07,5825.99,14834968.37
289,16/10/2017,1.19679E+12,10351762.43,5691.69,13619475.74
290,17/10/2017,1.19679E+12,9756833.552,5764.24,13032444.83
291,18/10/2017,1.19679E+12,8983426.015,5594.66,11245621.25
292,19/10/2017,1.19679E+12,10589733.98,5571.92,13803228.1
293,20/10/2017,1.19679E+12,10649226.87,5697.16,13887260.5
294,21/10/2017,1.19679E+12,9102411.79,5986.44,12830906.72
295,22/10/2017,1.19679E+12,10827705.53,6012.65,14386157.9
296,23/10/2017,1.19679E+12,10173283.76,5982.49,13668326.72
297,24/10/2017,1.19679E+12,9935312.215,5900.59,13135948.05
298,25/10/2017,1.19679E+12,11006184.19,5510.76,13615215.1
299,26/10/2017,1.23378E+12,12999790.29,5732.35,14196709.08
300,27/10/2017,1.45284E+12,7510989.944,5889.82,8529517.936
301,28/10/2017,1.45284E+12,6138789.858,5769.89,7127115.614
302,29/10/2017,1.45284E+12,11122042.8,5728.65,13129615.25
303,30/10/2017,1.45284E+12,10616495.4,6136.49,12873410.44
304,31/10/2017,1.45284E+12,9966505.887,6133.16,12195846.98
305,01/11/2017,1.45284E+12,7872095.229,6416.07,14990408.23
306,02/11/2017,1.45284E+12,10833158.57,6751.98,15012708.83
307,03/11/2017,1.45284E+12,8594305.801,7024.56,12745769.16
308,04/11/2017,1.45284E+12,9388737.429,7213.04,14231239.16
309,05/11/2017,1.45284E+12,10183169.06,7365.99,15064674.29
310,06/11/2017,1.45284E+12,9605400.601,7392.51,13802573.41
311,07/11/2017,1.45284E+12,11266484.92,6960.58,15916555.64
312,08/11/2017,1.45284E+12,10399832.23,7128.64,15423711.18
313,09/11/2017,1.45284E+12,11049821.74,7468.44,16678466
314,10/11/2017,1.42337E+12,8139094.745,7092.42,12713071.5
315,11/11/2017,1.36442E+12,5426063.163,6569.22,8785091.451
316,12/11/2017,1.36442E+12,5426063.163,6340.89,9479344.928
317,13/11/2017,1.36442E+12,9495610.536,5890.08,16209519.46
318,14/11/2017,1.36442E+12,8681701.061,6493.63,14792712.33
319,15/11/2017,1.36442E+12,10309520.01,6592.73,17885007.84
320,16/11/2017,1.36442E+12,10309520.01,7279.78,17978355.35
321,17/11/2017,1.36442E+12,11326906.85,7868.77,19741865.16
322,18/11/2017,1.36442E+12,9224307.378,7718.2,15573684.42
323,19/11/2017,1.36442E+12,10852126.33,7791.3,17836891.91
324,20/11/2017,1.36442E+12,11869513.17,8049.72,20867770.61
325,21/11/2017,1.36442E+12,11733861.59,8242.81,20674487.35
326,22/11/2017,1.36442E+12,8342572.114,8095.88,17481272.61
327,23/11/2017,1.36442E+12,10648648.96,8236.72,18447902.24
328,24/11/2017,1.36197E+12,9977010.841,8043.31,17352431.98
329,25/11/2017,1.347E+12,10445729.47,8212.78,18139440.14
330,26/11/2017,1.347E+12,10244850.06,8768.8,19771137.91
331,27/11/2017,1.347E+12,11383166.73,9311.7,22731345.29
332,28/11/2017,1.347E+12,10445729.47,9717.32,21683705.04
333,29/11/2017,1.347E+12,11584046.14,9919,26294380.2
334,30/11/2017,1.347E+12,11182287.32,9646.35,23742417.19
335,01/12/2017,1.347E+12,12253644.19,9988.19,25856448.17
336,02/12/2017,1.347E+12,10780528.49,10879.88,24108052.61
337,03/12/2017,1.347E+12,11784925.56,10912.87,27678238.93
338,04/12/2017,1.347E+12,12119724.58,11179.52,28891001.96
339,05/12/2017,1.347E+12,11918845.17,11591.22,29210388.29
340,06/12/2017,1.40798E+12,14867776.06,11660.41,33116592.85
341,07/12/2017,1.5909E+12,11941671.2,13843.93,34256501.85
342,08/12/2017,1.5909E+12,12337090.77,16860.88,41311081.41
343,09/12/2017,1.5909E+12,13760601.25,15875.27,42165253.38
344,10/12/2017,1.5909E+12,12969762.09,14652.37,38120250.24
345,11/12/2017,1.5909E+12,13523349.5,15068.95,44253709.96
346,12/12/2017,1.5909E+12,12337090.77,16732.72,42937956.76
347,13/12/2017,1.5909E+12,14709608.23,16916.8,50475052.9
348,14/12/2017,1.5909E+12,14630524.31,16252.31,49974171.33
349,15/12/2017,1.5909E+12,13365181.67,16408.15,48342967.76
350,16/12/2017,1.5909E+12,13523349.5,17507.86,49815223.74
351,17/12/2017,1.5909E+12,14630524.31,19279.9,55498368.93
352,18/12/2017,1.71805E+12,16946489.24,18905.26,54532107.97
353,19/12/2017,1.87311E+12,13035760.95,18911.79,44228748.17
354,20/12/2017,1.87311E+12,12663310.64,17382.94,44203326.97
355,21/12/2017,1.87311E+12,12290860.32,16357.24,46165232.3
356,22/12/2017,1.87311E+12,14432449.62,15521.07,48973790.42
357,23/12/2017,1.87311E+12,12942648.37,13776.61,41645027.49
358,24/12/2017,1.87311E+12,14153111.89,14121.53,38398460.73
359,25/12/2017,1.87311E+12,12570198.06,13554.31,33837650.83
360,26/12/2017,1.87311E+12,13221986.11,13740.94,38650262.93
361,27/12/2017,1.87311E+12,14525562.2,15677.99,43901419.48
362,28/12/2017,1.87311E+12,13873774.15,15422.19,37806663.78
363,29/12/2017,1.87311E+12,15363575.41,14214.01,41872625.55
364,30/12/2017,1.87311E+12,13687549,14413.54,34517255.35
365,31/12/2017,1.87311E+12,15177350.25,12612.54,34803527.15
366,01/01/2018,1.92258E+12,14975580.96,13796,32858099.44
367,02/01/2018,1.93114E+12,16415540.67,13374.98,39946758.99
368,03/01/2018,1.93114E+12,15071578.27,14793.46,41037010.87
369,04/01/2018,1.93114E+12,16127548.73,15039.24,42724771.87
370,05/01/2018,1.93114E+12,13727615.88,15169.66,39205380.02
371,06/01/2018,1.93114E+12,16127548.73,16914.73,46563789.98
372,07/01/2018,1.93114E+12,15551564.84,17155.95,44912742.33
373,08/01/2018,1.93114E+12,15935554.1,16192.91,42902516.83
374,09/01/2018,1.93114E+12,15743559.47,14962.63,43234479.12
375,10/01/2018,1.93114E+12,15935554.1,14437.42,39636974.26
376,11/01/2018,1.93114E+12,18527481.57,14882.86,43029257.73
377,12/01/2018,1.93114E+12,17087521.86,13285.55,38771602.28
378,13/01/2018,2.13425E+12,16501289.11,13791.19,34057401.87
379,14/01/2018,2.22785E+12,17165770.55,14246.18,33285730.83
380,15/01/2018,2.22785E+12,16612036.02,13583.83,33038806.92
381,16/01/2018,2.22785E+12,17608758.18,13554.14,31344417.42
382,17/01/2018,2.22785E+12,18494733.44,11307.27,31114647.14
383,18/01/2018,2.22785E+12,19159214.88,11091.26,32739932.5
384,19/01/2018,2.22785E+12,18273239.62,11174.82,30328455.66
385,20/01/2018,2.22785E+12,19712949.41,11506.51,33422916.97
386,21/01/2018,2.22785E+12,20709671.57,12744.58,31881234.23
387,22/01/2018,2.22785E+12,18494733.44,11513.42,27049040.64
388,23/01/2018,2.22785E+12,19602202.5,10770.49,26654950.18
389,24/01/2018,2.22785E+12,19491455.6,10831.49,27243321.44
390,25/01/2018,2.46059E+12,20445148.56,11392.03,24802466.45
391,26/01/2018,2.60308E+12,20056949.54,11150.79,23885798.18
392,27/01/2018,2.60308E+12,20315748.89,11094.24,23938854.89
393,28/01/2018,2.60308E+12,20445148.56,11431.37,25365404.76
394,29/01/2018,2.60308E+12,19151151.82,11742.33,22393670.46
395,30/01/2018,2.60308E+12,21609745.63,11186.12,24473743.42
396,31/01/2018,2.60308E+12,15139761.91,10082.52,16505765.23
397,01/02/2018,2.60308E+12,20703947.91,10204,21564268.93
398,02/02/2018,2.60308E+12,21739145.31,9098.27,20349765.95
399,03/02/2018,2.60308E+12,20445148.56,8852.73,19143008.7
400,04/02/2018,2.60308E+12,23033142.05,9224.62,20590452.27
401,05/02/2018,2.60308E+12,23938939.78,8202.06,19165215.26
402,06/02/2018,2.60787E+12,24293141.32,6925.46,15587109.31
403,07/02/2018,2.87467E+12,20149017.21,7712.37,15016976
404,08/02/2018,2.87467E+12,18720008.9,7585.17,14093910.23
405,09/02/2018,2.87467E+12,19291612.22,8245.08,14654771.06
406,10/02/2018,2.87467E+12,20434818.87,8688.86,17003760.5
407,11/02/2018,2.87467E+12,21578025.52,8561,16243960.93
408,12/02/2018,2.87467E+12,23721537.99,8068.02,18718332.57
409,13/02/2018,2.87467E+12,23435736.33,8895.72,18275325.07
410,14/02/2018,2.87467E+12,25579248.8,8527.87,20752674.99
411,15/02/2018,2.87467E+12,18720008.9,9471.64,16956455.44
412,16/02/2018,2.87467E+12,22435430.51,10033.77,20250868.49
413,17/02/2018,2.87467E+12,21292223.86,10178.56,20350444.84
414,18/02/2018,2.87467E+12,23149934.67,11085.83,23072914.43
415,19/02/2018,2.87467E+12,23149934.67,10392.46,23360784.68
416,20/02/2018,2.96785E+12,21079198.67,11171.78,20908106.06
417,21/02/2018,3.00738E+12,25265138.83,11245.98,23304639.1
418,22/02/2018,3.00738E+12,22275181.57,10485.78,19598925.76
419,23/02/2018,3.00738E+12,22125683.71,9850.78,19432244.56
420,24/02/2018,3.00738E+12,21677190.12,10171.3,18950033.9
421,25/02/2018,3.00738E+12,25564134.55,9699.76,21134989.78
422,26/02/2018,3.00738E+12,21079198.67,9582.29,18189790.7
423,27/02/2018,3.00738E+12,23919658.06,10319.46,21628887.79
424,28/02/2018,3.00738E+12,23172168.75,10628.61,21634661.22
425,01/03/2018,3.00738E+12,24667147.38,10332.14,23098876.8
426,02/03/2018,3.00738E+12,23321666.61,10931.12,22178930.82
427,03/03/2018,3.00738E+12,26909615.32,11040.53,26214536.43
428,04/03/2018,3.00738E+12,22125683.71,11453.34,21193664.65
429,05/03/2018,3.23358E+12,24372959.73,11516.83,21974887.33
430,06/03/2018,3.29061E+12,25517998.11,11442.48,21958387.16
431,07/03/2018,3.29061E+12,25681575.02,10727.69,21157511.25
432,08/03/2018,3.29061E+12,26499459.57,9920.46,20427544.55
433,09/03/2018,3.29061E+12,23882229,9324.5,16855150.38
434,10/03/2018,3.29061E+12,22900767.53,9262.8,16539689.1
435,11/03/2018,3.29061E+12,25027267.37,8777.37,18210037.11
436,12/03/2018,3.29061E+12,26335882.66,9538.93,19331971.31
437,13/03/2018,3.29061E+12,25845151.93,9130,18857575.59
438,14/03/2018,3.29061E+12,23555075.18,9153.54,16628207.73
439,15/03/2018,3.29061E+12,23555075.18,8214.99,14891789.56
440,16/03/2018,3.29061E+12,25517998.11,8263.34,16433524.33
441,17/03/2018,3.29061E+12,24372959.73,8297.89,15253956.58
442,18/03/2018,3.3817E+12,25990711.3,7885.08,14858429.98
443,19/03/2018,3.46254E+12,26679206.96,8214.46,16605902.4
444,20/03/2018,3.46254E+12,21859737.32,8605.64,14186967.87
445,21/03/2018,3.46254E+12,26162835.21,8909.95,17547837.79
446,22/03/2018,3.46254E+12,24613719.97,8909.26,15970290.91
447,23/03/2018,3.46254E+12,22892480.81,8725.37,14416156.91
448,24/03/2018,3.46254E+12,26851330.88,8917.48,17932503.48
449,25/03/2018,3.46254E+12,23236728.64,8533.76,14782031.28
450,26/03/2018,3.46254E+12,25818587.38,8457.96,15836955.24
451,27/03/2018,3.46254E+12,26162835.21,8146.5,15343941.65
452,28/03/2018,3.46254E+12,23236728.64,7797.25,13721935.62
453,29/03/2018,3.46254E+12,26162835.21,7950.61,14889676.77
454,30/03/2018,3.46254E+12,27884074.37,7099.17,14139824.01
455,31/03/2018,3.46254E+12,22031861.23,6854.19,11496221.15
456,01/04/2018,3.49429E+12,28274794.22,6937.56,13925230.16
457,02/04/2018,3.51106E+12,27227579.62,6827.54,13937108.19
458,03/04/2018,3.51106E+12,28449329.98,7065.29,15280200.99
459,04/04/2018,3.51106E+12,25656757.72,7426.48,13317444.65
460,05/04/2018,3.51106E+12,27227579.62,6810.71,13335649.46
461,06/04/2018,3.51106E+12,24085935.81,6786.66,11856536.27
462,07/04/2018,3.51106E+12,31416438.02,6634.68,15810472.73
463,08/04/2018,3.51106E+12,28100258.45,6910.12,14381384.26
464,09/04/2018,3.51106E+12,25656757.72,7029.71,12870549.03
465,10/04/2018,3.51106E+12,28623865.75,6784.41,14212196.96
466,11/04/2018,3.51106E+12,28100258.45,6849.3,14153735.41
467,12/04/2018,3.51106E+12,26878508.08,6955.36,14467514.39
468,13/04/2018,3.51106E+12,28798401.52,7941.46,16743292.66
469,14/04/2018,3.79619E+12,26146926.52,7895.25,13886865.89
470,15/04/2018,3.83932E+12,31109116.95,8013.91,17099064.22
471,16/04/2018,3.83932E+12,26910340.43,8368.1,14466032.42
472,17/04/2018,3.83932E+12,30918263.48,8069.03,16690427.12
473,18/04/2018,3.83932E+12,30536556.52,7907.19,16302064.27
474,19/04/2018,3.83932E+12,33971919.13,8175.96,18490345.76
475,20/04/2018,3.83932E+12,26146926.52,8288.12,14670398.22
476,21/04/2018,3.83932E+12,30345703.04,8876.51,18417858.11
477,22/04/2018,3.83932E+12,30536556.52,8930.6,18212921.62
478,23/04/2018,3.83932E+12,29200582.17,8812.76,17276582.74
479,24/04/2018,3.83932E+12,30345703.04,8952.68,19313819.55
480,25/04/2018,3.83932E+12,23474977.82,9658.11,15079053.78
481,26/04/2018,3.83932E+12,26910340.43,8870.14,16228099.34
482,27/04/2018,3.94356E+12,28391145.89,9294.67,16863598.91
483,28/04/2018,4.02206E+12,25592018.83,8928.55,15653776.38
484,29/04/2018,4.02206E+12,31590148.24,9349.41,19062958.95
485,30/04/2018,4.02206E+12,30990335.3,9398.4,18355130.6
486,01/05/2018,4.02206E+12,31590148.24,9239.55,18261853.15
487,02/05/2018,4.02206E+12,27991270.6,9074.98,16550285.13
488,03/05/2018,4.02206E+12,30190584.71,9220.76,18065019.76
489,04/05/2018,4.02206E+12,27591395.3,9753.35,17306276.97
490,05/05/2018,4.02206E+12,32189961.18,9696.13,20833828.14
491,06/05/2018,4.02206E+12,27391457.65,9837.92,16838802.17
492,07/05/2018,4.02206E+12,29990647.07,9631.44,18103183.29
493,08/05/2018,4.02206E+12,27791332.95,9369.16,16408115.88
494,09/05/2018,4.02206E+12,31990023.54,9186.69,19367520.37
495,10/05/2018,4.02206E+12,30790397.65,9310.37,19067802.48
496,11/05/2018,4.13812E+12,26161151.17,9015.88,14126392.43
497,12/05/2018,4.14388E+12,33988897.19,8396.83,18033347.73
498,13/05/2018,4.14388E+12,30487010.81,8463.52,15995382.66
499,14/05/2018,4.14388E+12,27191117.75,8691.46,14739381.03
500,15/05/2018,4.14388E+12,30075024.18,8671.51,16103188.32
501,16/05/2018,4.14388E+12,36872803.62,8471.06,19398271.86
502,17/05/2018,4.14388E+12,27191117.75,8343.27,14350337.75
503,18/05/2018,4.14388E+12,30487010.81,8063.86,15763512.33
504,19/05/2018,4.14388E+12,31722970.71,8239.08,16144063.76
505,20/05/2018,4.14388E+12,29663037.55,8242.07,15235623.08
506,21/05/2018,4.14388E+12,32340950.66,8520.59,17282837.08
507,22/05/2018,4.14388E+12,31104990.76,8396.63,15794378.62
508,23/05/2018,4.14388E+12,33370917.24,7987.38,15983293.29
509,24/05/2018,4.21914E+12,30616246.32,7511.91,13875883.11
510,25/05/2018,4.30695E+12,37681533.93,7576.78,16707898.39
511,26/05/2018,4.30695E+12,34684139.19,7465.12,15506006.48
512,27/05/2018,4.30695E+12,35112338.44,7334.71,15313094.1
513,28/05/2018,4.30695E+12,33399541.44,7344.56,14547701.91
514,29/05/2018,4.30695E+12,29759847.82,7106.06,12836137.45
515,30/05/2018,4.30695E+12,37253334.68,7457.02,16513656.67
516,31/05/2018,4.30695E+12,36396936.18,7386.72,16302254.42
517,01/06/2018,4.30695E+12,35540537.68,7489.66,15642337.99
518,02/06/2018,4.30695E+12,32543142.94,7518.67,14536335.53
519,03/06/2018,4.30695E+12,34898238.81,7637.14,16165187.17
520,04/06/2018,4.30695E+12,39180231.3,7713.85,17479742.99
521,05/06/2018,4.41559E+12,42980660.1,7495.47,16505061.83
522,06/06/2018,4.9407E+12,36103754.49,7619.43,14329592.55
523,07/06/2018,4.9407E+12,35121339.4,7653.96,13918250.65
524,08/06/2018,4.9407E+12,35612546.94,7687.37,14114417.18
525,09/06/2018,4.9407E+12,35121339.4,7615.54,13978762.82
526,10/06/2018,4.9407E+12,31191679.05,7497.1,11638700.47
527,11/06/2018,4.9407E+12,34384528.08,6762.1,11987207.99
528,12/06/2018,4.9407E+12,35612546.94,6879.31,12573789.83
529,13/06/2018,4.9407E+12,35121339.4,6553,11932624.94
530,14/06/2018,4.9407E+12,37577377.12,6299.89,12563621.7
531,15/06/2018,4.9407E+12,37577377.12,6637.41,13178785.73
532,16/06/2018,4.9407E+12,40770226.16,6391.16,13504867.24
533,17/06/2018,4.9407E+12,38559792.21,6488.68,13246220.73
534,18/06/2018,4.9407E+12,40279018.61,6445.79,13469448.27
535,19/06/2018,5.02455E+12,39122596.14,6712.5,13569989.11
536,20/06/2018,5.0775E+12,39122596.14,6743.41,14482144.85
537,21/06/2018,5.0775E+12,42908653.83,6760.83,14808109.38
538,22/06/2018,5.0775E+12,38112980.76,6719.79,12460024.71
539,23/06/2018,5.0775E+12,40384615.37,6059.3,13084984.36
540,24/06/2018,5.0775E+12,43161057.68,6170.46,13455402.1
541,25/06/2018,5.0775E+12,39627403.83,6157.04,12514807.26
542,26/06/2018,5.0775E+12,36850961.53,6249.62,11522845.22
543,27/06/2018,5.0775E+12,30540865.37,6097.46,9410792.754
544,28/06/2018,5.0775E+12,39627403.83,6143.97,12428430.36
545,29/06/2018,5.0775E+12,38112980.76,5878.14,11427014.51
546,30/06/2018,5.0775E+12,35588942.3,6223.28,11359646.68
547,01/07/2018,5.0775E+12,37103365.37,6408.91,11937510.44
548,02/07/2018,5.17289E+12,37594816.26,6365.66,11654033.03
549,03/07/2018,5.36368E+12,30929068.69,6626.44,9914650.339
550,04/07/2018,5.36368E+12,35728406.94,6518.97,11310340.49
551,05/07/2018,5.36368E+12,36528296.65,6602.32,11406742.3
552,06/07/2018,5.36368E+12,42660784.4,6555.51,13385359.55
553,07/07/2018,5.36368E+12,41594264.79,6628.59,13246362.88
554,08/07/2018,5.36368E+12,42127524.6,6778.38,13573744.76
555,09/07/2018,5.36368E+12,36261666.74,6724.04,11538923.61
556,10/07/2018,5.36368E+12,39727855.48,6682.68,12706743.06
557,11/07/2018,5.36368E+12,35995036.84,6329.27,11007393.2
558,12/07/2018,5.36368E+12,37594816.26,6403.18,11243498.52
559,13/07/2018,5.36368E+12,38128076.06,6239.47,11580161.27
560,14/07/2018,5.36368E+12,35461777.04,6220.1,10454811.33
561,15/07/2018,5.36368E+12,35461777.04,6248.84,10753180.29
562,16/07/2018,5.36368E+12,31995588.3,6348.09,9907260.873
563,17/07/2018,5.19962E+12,40931868.49,6732.81,14162648.56
564,18/07/2018,NA,NA,7321.62,17110731.1
565,19/07/2018,NA,NA,7371.11,16004613.1
566,20/07/2018,NA,NA,7473.9,14466795.4
567,21/07/2018,NA,NA,7334.99,12868685
568,22/07/2018,NA,NA,7408.99,17426428.27
569,23/07/2018,NA,NA,7406.66,16326406.8
570,24/07/2018,NA,NA,7715.1,16222402.3
571,25/07/2018,NA,NA,8418.11,18521932.12
572,26/07/2018,NA,NA,8171.65,17302326.28
573,27/07/2018,NA,NA,7939.81,17336563.95
574,28/07/2018,NA,NA,8178.33,15379062.94
575,29/07/2018,NA,NA,8219.92,17783188.64
576,30/07/2018,NA,NA,8220.91,13844660.43
577,31/07/2018,NA,NA,8171.49,14743282.06
578,01/08/2018,NA,NA,7735.28,14364964.4
579,02/08/2018,NA,NA,7607.7,14896249.02
580,03/08/2018,NA,NA,7535.88,15553038.22
581,04/08/2018,5.94944E+12,52051671.92,7414.77,16086605.41
582,05/08/2018,5.94944E+12,47319701.74,7011.28,14248433.32
583,06/08/2018,5.94944E+12,38743005.8,7032.3,11561668.32
584,07/08/2018,5.94944E+12,44657968.52,6937.23,13496173.29
585,08/08/2018,5.94944E+12,46432457.33,6718.23,12946324.42
586,09/08/2018,5.94944E+12,44066472.25,6277.59,12039937.03
587,10/08/2018,5.94944E+12,52051671.92,6532.36,14364533.29
588,11/08/2018,6.19784E+12,52376369.9,6138.96,13368973.04
589,12/08/2018,6.38932E+12,49230273.08,6227.85,12290113.45
590,13/08/2018,6.38932E+12,47642199.75,6313.42,12178415.47
591,14/08/2018,6.38932E+12,43195594.44,6252.13,10463532.71
592,15/08/2018,6.38932E+12,51135961.07,6189.97,13104013.77
593,16/08/2018,6.38932E+12,50183117.07,6270.67,12659503.85
594,17/08/2018,6.38932E+12,48277429.08,6312.75,12438186.39
595,18/08/2018,6.38932E+12,50818346.4,6577.74,13176949.4
596,19/08/2018,6.38932E+12,46054126.43,6394.18,11859087.98
597,20/08/2018,6.38932E+12,47642199.75,6486.58,12603282.32
598,21/08/2018,6.38932E+12,47006970.42,6262.64,11982908.84
599,22/08/2018,6.38932E+12,50818346.4,6472.41,13754538.3
600,23/08/2018,6.38932E+12,47324585.09,6354.57,12091834.73
601,24/08/2018,6.50504E+12,47211617.44,6525.96,12238689.23
602,25/08/2018,6.72723E+12,45145645.91,6691.39,11462792.45
603,26/08/2018,6.72723E+12,57853309.21,6738.27,14782108.51
604,27/08/2018,6.72723E+12,61866255.51,6707.96,16066331.79
605,28/08/2018,6.72723E+12,51165065.37,6901.26,13671393.35
606,29/08/2018,6.72723E+12,46483294.68,7078.19,12427793.54
607,30/08/2018,6.72723E+12,51499477.56,7032.13,13524159.95
608,31/08/2018,6.72723E+12,51833889.75,6986.54,13715513.66
609,01/09/2018,6.72723E+12,50496240.99,7018.78,13547550.91
610,02/09/2018,6.72723E+12,48155355.64,7197.43,13150417.79
611,03/09/2018,6.72723E+12,48155355.64,7291.84,13221829.9
612,04/09/2018,6.72723E+12,42135936.19,7265.08,11701743.23
613,05/09/2018,6.72723E+12,44142409.34,7359.19,11985554.49
614,06/09/2018,6.72723E+12,50161828.79,6695.32,12250781.55
615,07/09/2018,6.97118E+12,52673943.17,6501.19,12582725.32
616,08/09/2018,7.0192E+12,52338942.95,6399.85,12048687.15
617,09/09/2018,7.0192E+12,56874984.68,6184.06,13080457.36
618,10/09/2018,7.0192E+12,47105048.66,6240.98,10889256.61
619,11/09/2018,7.0192E+12,49198606.38,6306.59,11243962.71
620,12/09/2018,7.0192E+12,58619616.11,6283.54,13463775.47
621,13/09/2018,7.0192E+12,51641090.38,6326.04,12034014.1
622,14/09/2018,7.0192E+12,46058269.8,6479.6,11020990.74
623,15/09/2018,7.0192E+12,48849680.09,6487.12,11500218.9
624,16/09/2018,7.0192E+12,48500753.8,6522.39,11508923.52
625,17/09/2018,7.0192E+12,47105048.66,6497.37,10885340.84
626,18/09/2018,7.0192E+12,49547532.66,6253.99,11443545.95
627,19/09/2018,7.0192E+12,54432500.67,6342.39,13390617.49
628,20/09/2018,7.03133E+12,53827510.75,6389.3,12451118.65
629,21/09/2018,7.15263E+12,51200543.88,6496.02,12165754.71
630,22/09/2018,7.15263E+12,55111696.54,6756.12,13446563.41
631,23/09/2018,7.15263E+12,53333899.87,6718.7,12664817.26
632,24/09/2018,7.15263E+12,52622781.21,6705.66,12554837.95
633,25/09/2018,7.15263E+12,60089527.19,6583.45,14010771.05
634,26/09/2018,7.15263E+12,49422747.22,6432.71,11668565.42
635,27/09/2018,7.15263E+12,50844984.55,6459.35,11811663.08
636,28/09/2018,7.15263E+12,54756137.2,6686.08,13204326.57
637,29/09/2018,7.15263E+12,54045018.54,6628.66,12553831.98
638,30/09/2018,7.15263E+12,57956171.2,6592.64,13520452.4
639,01/10/2018,7.15263E+12,56178374.53,6611.02,13302756.84
640,02/10/2018,7.15263E+12,48711628.55,6586.58,11376483.89
641,03/10/2018,7.15263E+12,51556103.21,6521.31,12003041.51
642,04/10/2018,7.36427E+12,54911962.63,6483.73,12562461.63
643,05/10/2018,7.45497E+12,48176505.21,6568.14,10781240.58
644,06/10/2018,7.45497E+12,46323562.7,6620.63,10527206.71
645,07/10/2018,7.45497E+12,52623567.23,6573.62,12012909.06
646,08/10/2018,7.45497E+12,50029447.71,6588.93,11390596.33
647,09/10/2018,7.45497E+12,48176505.21,6641.33,10819341.66
648,10/10/2018,7.45497E+12,53364744.23,6626.85,11849538.47
649,11/10/2018,7.45497E+12,58923571.75,6581.07,12798532.01
650,12/10/2018,7.45497E+12,48917682.21,6207.79,10340801.32
651,13/10/2018,7.45497E+12,52252978.72,6247,11153382.17
652,14/10/2018,7.45497E+12,42247089.18,6265.9,8943885.145
653,15/10/2018,7.45497E+12,60035337.26,6265.16,13207214.21
654,16/10/2018,7.45497E+12,50029447.71,6599.17,10986126.95
655,17/10/2018,7.45497E+12,51141213.22,6616.45,11388324.94
656,18/10/2018,7.42736E+12,50951835.55,6595.51,11365265.47
657,19/10/2018,7.18285E+12,50702736.58,6509.61,11605843.64
658,20/10/2018,7.18285E+12,51059798.11,6463.58,11688690.96
659,21/10/2018,7.18285E+12,49274490.48,6504.92,11177638.22
660,22/10/2018,7.18285E+12,55344536.41,6504.78,12520199.91
661,23/10/2018,7.18285E+12,54987474.89,6493.89,12421483.07
662,24/10/2018,7.18285E+12,40347952.35,6476.85,9185666.641
663,25/10/2018,7.18285E+12,48917428.96,6489.77,11078368.71
664,26/10/2018,7.18285E+12,51059798.11,6466.29,11721332.38
665,27/10/2018,7.18285E+12,48560367.43,6472.17,11140721.61
666,28/10/2018,7.18285E+12,49988613.53,6457.21,11312884.79
667,29/10/2018,7.18285E+12,52130982.68,6449.37,11701707.4
668,30/10/2018,7.18285E+12,54987474.89,6307.51,12343537.16
669,31/10/2018,7.18285E+12,58201028.61,6301.61,12904937.91
670,01/11/2018,7.18301E+12,54988709.79,6338.78,12416572.25
671,02/11/2018,7.1844E+12,51070835.08,6373.08,11791348.73
672,03/11/2018,7.1844E+12,57499331.8,6390.42,12840788.91
673,04/11/2018,7.1844E+12,44285199.65,6361.3,9959012.669
674,05/11/2018,7.1844E+12,51070835.08,6454,11736833.13
675,06/11/2018,7.1844E+12,45713754.47,6437.76,10388473.32
676,07/11/2018,7.1844E+12,46428031.89,6477.84,10876602.45
677,08/11/2018,7.1844E+12,43213783.53,6536.83,9902899.043
678,09/11/2018,7.1844E+12,45356615.77,6444.97,10262802.93
679,10/11/2018,7.1844E+12,46785170.59,6377.4,10836466.36
680,11/11/2018,7.1844E+12,52142251.2,6388.46,11660743.77
681,12/11/2018,7.1844E+12,49999418.96,6408.53,11404614.57
682,13/11/2018,7.1844E+12,42856644.82,6384.75,9557212.463
683,14/11/2018,7.1844E+12,48213725.42,6358.25,10486098.12
684,15/11/2018,7.1844E+12,45356615.77,5756.77,8932985.475
685,16/11/2018,7.17597E+12,44946674.63,5658.73,8908268.518
686,17/11/2018,6.6533E+12,47956936.5,5592.58,10338423.73
687,18/11/2018,6.6533E+12,40680711.65,5572.44,8599720.959
688,19/11/2018,6.6533E+12,41672924.13,5616.29,8462806.98
689,20/11/2018,6.6533E+12,43657349.09,4848.78,7923554.716
690,21/11/2018,6.6533E+12,34727436.77,4491.98,6049615.524
691,22/11/2018,6.6533E+12,40349974.16,4616.44,6996199.905
692,23/11/2018,6.6533E+12,41342186.64,4312.31,6900149.063
693,24/11/2018,6.6533E+12,47295461.51,4352.98,7770115.718
694,25/11/2018,6.6533E+12,42003661.62,3862.01,6188075.91
695,26/11/2018,6.6533E+12,36711861.73,4010.72,5473562.855
696,27/11/2018,6.6533E+12,43326611.59,3793.35,6208586.798
697,28/11/2018,6.6533E+12,39027024.18,3828.45,6083835.51
698,29/11/2018,6.6533E+12,34727436.77,4256.55,5723625.77
699,30/11/2018,6.6533E+12,33404486.8,4278.77,5401820.889
700,01/12/2018,6.6533E+12,41011449.14,4013.52,6537919.269
701,02/12/2018,6.6533E+12,37704074.21,4188.09,5968275.427
702,03/12/2018,6.19402E+12,35101305.98,4140.6,5738092.55
703,04/12/2018,5.6464E+12,38734427.59,3894.21,7036398.753
704,05/12/2018,5.6464E+12,36488953.53,3956.94,6291958.871
705,06/12/2018,5.6464E+12,37892374.82,3744.98,6343227.256
706,07/12/2018,5.6464E+12,31998005.4,3484.94,4960658.031
707,08/12/2018,5.6464E+12,35646900.75,3425.69,5447972.132
708,09/12/2018,5.6464E+12,35927585.01,3453.66,5614631.981
709,10/12/2018,5.6464E+12,34804847.98,3588.44,5539420.92
710,11/12/2018,5.6464E+12,35085532.24,3472.98,5337996.899
711,12/12/2018,5.6464E+12,33682110.95,3407.28,5160390.74
712,13/12/2018,5.6464E+12,36769637.78,3487.73,5827864.077
713,14/12/2018,5.6464E+12,40979901.65,3308.11,5982323.516
714,15/12/2018,5.6464E+12,41821954.43,3242.42,6057975.855
715,16/12/2018,5.6464E+12,32278689.66,3231.91,4666604.258
716,17/12/2018,5.6464E+12,44909481.26,3246.64,6740883.106
717,18/12/2018,5.62109E+12,35766529.43,3556.54,5692744.162
718,19/12/2018,5.10642E+12,37822407.4,3714.09,7089582.701
719,20/12/2018,5.10642E+12,34268624.16,3734.55,6721946.323
720,21/12/2018,5.10642E+12,35537832.46,4135.19,7076086.734
721,22/12/2018,5.10642E+12,44422290.57,3899.83,8594155.303
722,23/12/2018,5.10642E+12,44676132.24,4031.85,8916949.297
723,24/12/2018,5.10642E+12,38583932.39,3995.17,8231393.772
724,25/12/2018,5.10642E+12,40360824.01,4075.15,7569827.666
725,26/12/2018,5.10642E+12,39853140.69,3821.52,7478293.742
726,27/12/2018,5.10642E+12,44168448.91,3848.21,8145258.25
727,28/12/2018,5.10642E+12,42391557.29,3638.9,7898836.222
728,29/12/2018,5.10642E+12,35030149.14,3923.19,6745781.218
729,30/12/2018,5.10642E+12,44676132.24,3770.36,8578278.955
730,31/12/2018,5.24851E+12,40440248.3,3865.26,7453243.521
731,01/01/2019,5.6186E+12,41615985.27,3737.91,7012103.649
732,02/01/2019,5.6186E+12,42174589.1,3855.88,7474829.061
733,03/01/2019,5.6186E+12,43291796.76,3931.31,7679486.801
734,04/01/2019,5.6186E+12,41615985.27,3822.87,7115351.219
735,05/01/2019,5.6186E+12,45526212.08,3856.62,8052390.56
736,06/01/2019,5.6186E+12,39381569.96,3831.94,7171471.578
737,07/01/2019,5.6186E+12,39381569.96,4071.77,7286414.818
738,08/01/2019,5.6186E+12,47202023.57,4032.25,8944897.013
739,09/01/2019,5.6186E+12,45805513.99,4020.97,8518054.364
740,10/01/2019,5.6186E+12,43571098.68,4016.92,7609635.023
741,11/01/2019,5.6186E+12,41336683.36,3646.25,6809814.943
742,12/01/2019,5.6186E+12,38543664.21,3656.9,6407919.17
743,13/01/2019,5.6186E+12,38264362.3,3637.31,6266417.921
744,14/01/2019,5.86261E+12,43423390.22,3531.96,6736884.253
745,15/01/2019,5.88399E+12,38609293.98,3682.48,6183026.059
746,16/01/2019,5.88399E+12,38901788.64,3600.16,6073704.513
747,17/01/2019,5.88399E+12,37146820.73,3621.43,5891153.312
748,18/01/2019,5.88399E+12,40364261.89,3658.41,6307175.116
749,19/01/2019,5.88399E+12,38901788.64,3625.73,6354782.864
750,20/01/2019,5.88399E+12,45921660.27,3703.98,7150096.95
751,21/01/2019,5.88399E+12,43874197.71,3548.98,6879083.72
752,22/01/2019,5.88399E+12,38024304.68,3540.02,5844342.941
753,23/01/2019,5.88399E+12,42704219.1,3587.35,6683461.533
754,24/01/2019,5.88399E+12,47384133.53,3566.4,7364947.571
755,25/01/2019,5.88399E+12,40364261.89,3586.25,6309969.923
756,26/01/2019,5.88399E+12,43874197.71,3577.79,6857448.826
757,27/01/2019,5.88399E+12,40071767.24,3576.3,6393436.198
758,28/01/2019,5.83666E+12,42070546.82,3554.5,6318406.831
759,29/01/2019,5.81466E+12,42201068.25,3448.58,6364552.334
760,30/01/2019,5.81466E+12,39310584.12,3421.6,5884537.246
761,31/01/2019,5.81466E+12,44802503.96,3470,6731427.323
762,01/02/2019,5.81466E+12,45669649.2,3444.81,6857975.372
763,02/02/2019,5.81466E+12,41622971.42,3475.33,6325531.024
764,03/02/2019,5.81466E+12,39888680.94,3506.22,6044025.213
765,04/02/2019,5.81466E+12,42490116.66,3456.02,6411524.45
766,05/02/2019,5.81466E+12,42490116.66,3452.35,6422102.205
767,06/02/2019,5.81466E+12,47403939.67,3467.34,6985845.574
768,07/02/2019,5.81466E+12,50294423.8,3405.7,7375022.024
769,08/02/2019,5.81466E+12,47114891.26,3394.76,7184754.273
770,09/02/2019,5.81466E+12,43357261.9,3661.08,6845104.348
771,10/02/2019,5.89401E+12,41018987.3,3664.38,6454979.701
772,11/02/2019,6.06152E+12,43691361.64,3686.29,6693602.408
773,12/02/2019,6.06152E+12,38568926.14,3629.47,6031364.558
774,13/02/2019,6.06152E+12,46101919.52,3632.42,6976103.877
775,14/02/2019,6.06152E+12,42486082.7,3614.5,6566282.272
776,15/02/2019,6.06152E+12,38267606.4,3600.31,5762323.416
777,16/02/2019,6.06152E+12,45197960.32,3608.2,6898485.341
778,17/02/2019,6.06152E+12,47909837.94,3619.55,7185045.431
779,18/02/2019,6.06152E+12,46704559,3670.74,7556019.109
780,19/02/2019,6.06152E+12,47005878.73,3910.8,7748245.938
781,20/02/2019,6.06152E+12,39171565.61,3926.53,6596656.215
782,21/02/2019,6.06152E+12,35857048.52,3987.18,6051778.486
783,22/02/2019,6.06152E+12,48813797.14,3944.88,8096363.882
784,23/02/2019,6.06152E+12,43088722.17,3983.48,7190247.783
785,24/02/2019,6.06408E+12,41298258.3,4139.6,7119748.032
786,25/02/2019,6.07185E+12,43162133.91,3766.89,6913971.366
787,26/02/2019,6.07185E+12,48595129.79,3848.33,7878415.307
788,27/02/2019,6.07185E+12,42558467.71,3831.45,6801908.847
789,28/02/2019,6.07185E+12,45274965.64,3833.23,7350871.435
790,01/03/2019,6.07185E+12,48896962.9,3850.08,7830758.118
791,02/03/2019,6.07185E+12,39841969.77,3834.62,6565214.955
792,03/03/2019,6.07185E+12,44067633.23,3831.44,7016670.618
793,04/03/2019,6.07185E+12,41351135.29,3814.58,6497311.764
794,05/03/2019,6.07185E+12,44973132.54,3730.98,7114388.352
795,06/03/2019,6.07185E+12,38634637.35,3872.25,6388631.337
796,07/03/2019,6.07185E+12,42860300.81,3876.85,7588198.88
797,08/03/2019,6.07185E+12,44067633.23,3886.82,7193574.076
798,09/03/2019,6.07185E+12,41652968.39,3875.96,7087594.993
799,10/03/2019,6.07122E+12,41045042.97,3950.56,6690849.408
800,11/03/2019,6.06889E+12,42839445.35,3928.17,6977449.877
801,12/03/2019,6.06889E+12,43141131.59,3881.09,7088005.704
802,13/03/2019,6.06889E+12,40727641.71,3892.51,6637474.194
803,14/03/2019,6.06889E+12,46761366.41,3877.77,7600598.594
804,15/03/2019,6.06889E+12,46157993.94,3885.21,7723228.792
805,16/03/2019,6.06889E+12,49174856.29,3936.5,8496146.107
806,17/03/2019,6.06889E+12,44046190.29,4015.95,7297849.339
807,18/03/2019,6.06889E+12,48571483.82,3994.92,8269486.756
808,19/03/2019,6.06889E+12,52493404.87,3998.77,8830120.093
809,20/03/2019,6.06889E+12,48571483.82,4029.11,8742662.153
810,21/03/2019,6.06889E+12,43141131.59,4056.4,7388901.058
811,22/03/2019,6.06889E+12,48571483.82,3992.34,8113657.072
812,23/03/2019,6.06889E+12,43744504.06,3999.06,7382484.151
813,24/03/2019,6.36892E+12,47490106.99,4011.92,7499624.087
814,25/03/2019,6.37927E+12,46933020.83,3994.11,7512795.861
815,26/03/2019,6.37927E+12,42493410.75,3935.89,6780907.838
816,27/03/2019,6.37927E+12,47250135.84,3947.74,7721974.785
817,28/03/2019,6.37927E+12,46298790.82,4048.51,7609348.211
818,29/03/2019,6.37927E+12,46615905.83,4037.37,7807462.6
819,30/03/2019,6.37927E+12,44078985.78,4115.55,7321449.75
820,31/03/2019,6.37927E+12,44078985.78,4114.44,7280099.538
821,01/04/2019,6.37927E+12,43127640.77,4114.16,7260086.688
822,02/04/2019,6.37927E+12,49787055.88,4152.53,9796335.107
823,03/04/2019,6.37927E+12,45030330.8,4882.88,9794906.734
824,04/04/2019,6.37927E+12,44396100.79,4959.81,9872137.446
825,05/04/2019,6.37927E+12,50104170.89,4911.24,10526385.51
826,06/04/2019,6.37956E+12,44081037.56,5028.77,9151289.68
827,07/04/2019,6.39302E+12,44809649.52,5053.52,9465714.638
828,08/04/2019,6.39302E+12,47034242.04,5189.39,10509444.22
829,09/04/2019,6.39302E+12,41949459.12,5268.71,9214713.996
830,10/04/2019,6.39302E+12,47034242.04,5175.81,10332304.74
831,11/04/2019,6.39302E+12,49894432.44,5310.18,10673185.07
832,12/04/2019,6.39302E+12,47987638.84,5035.02,10032844.69
833,13/04/2019,6.39302E+12,42902855.92,5072.85,8912797.683
834,14/04/2019,6.39302E+12,38771469.79,5064.62,8025830.568
835,15/04/2019,6.39302E+12,46080845.25,5152.51,9812670.32
836,16/04/2019,6.39302E+12,46080845.25,5036.18,9626718.555
837,17/04/2019,6.39302E+12,43856252.72,5196.65,9679415.784
838,18/04/2019,6.39302E+12,47352040.98,5220.37,10319254.17
839,19/04/2019,6.39302E+12,48305437.78,5276.31,10531918.66
840,20/04/2019,6.39302E+12,41631660.19,5277.04,9275897.463
841,21/04/2019,6.35772E+12,51199133.02,5309.28,11248346.3
842,22/04/2019,6.35303E+12,42318655.54,5281.83,9411111.827
843,23/04/2019,6.35303E+12,36634060.02,5377.19,8538019.902
844,24/04/2019,6.35303E+12,51477170.55,5518.16,12202481.91
845,25/04/2019,6.35303E+12,45160953.3,5434.19,10225360.66
846,26/04/2019,6.35303E+12,47687440.2,5195.61,10183521.95
847,27/04/2019,6.35303E+12,43266088.13,5292.83,9112041.031
848,28/04/2019,6.35303E+12,51477170.55,5280.19,10771720.95
849,29/04/2019,6.35303E+12,51477170.55,5301.29,11244134.78
850,30/04/2019,6.35303E+12,44213520.72,5260.65,9672352.742
851,01/05/2019,6.35303E+12,54003657.44,5269.79,11945018.64
852,02/05/2019,6.35303E+12,58109198.65,5326.67,12941749.35
853,03/05/2019,6.35303E+12,48003251.06,5390.16,11122649.23
854,04/05/2019,6.55405E+12,43006075.36,5657.14,10035261.37
855,05/05/2019,6.70217E+12,42978500.7,5771.08,9591032.608
856,06/05/2019,6.70217E+12,50308167.48,5717.66,11100910.08
857,07/05/2019,6.70217E+12,42312167.35,5684.47,10026818.29
858,08/05/2019,6.70217E+12,50641334.15,5755.72,11731703.73
859,09/05/2019,6.70217E+12,49975000.81,5936.72,12149462.76
860,10/05/2019,6.70217E+12,41645834.01,6146.91,10770042.58
861,11/05/2019,6.70217E+12,43311667.37,6348.02,11877938.28
862,12/05/2019,6.70217E+12,52640334.18,7248.31,15580744.72
863,13/05/2019,6.70217E+12,55638834.23,6978.63,16443665.52
864,14/05/2019,6.70217E+12,50641334.15,7823.11,16211651.62
865,15/05/2019,6.70217E+12,49641834.14,7992.69,16983774.49
866,16/05/2019,6.70217E+12,48642334.12,8206.9,16642489.04
867,17/05/2019,6.70217E+12,50308167.48,7885.96,15398528.27
868,18/05/2019,6.70378E+12,50986743.45,7362.22,14984659.85
869,19/05/2019,6.70463E+12,54326123.03,7265.05,17128952.08
870,20/05/2019,6.70463E+12,53659544.83,8193.7,17411194.29
871,21/05/2019,6.70463E+12,50993232.04,8007.03,16828129.85
872,22/05/2019,6.70463E+12,55659279.42,7952.5,18104557.65
873,23/05/2019,6.70463E+12,52659677.53,7625.93,16469421.05
874,24/05/2019,6.70463E+12,50993232.04,7880.29,16833084.31
875,25/05/2019,6.70463E+12,46660473.76,8003.26,15115205.13
876,26/05/2019,6.70463E+12,54992701.22,8071.45,17530637.74
877,27/05/2019,6.70463E+12,55659279.42,8744.42,20943626.17
878,28/05/2019,6.70463E+12,54659412.12,8770.06,20098452.3
879,29/05/2019,6.70463E+12,57992303.11,8719.88,20660475.75
880,30/05/2019,6.7471E+12,53664058.51,8662.98,18924858.12
881,31/05/2019,7.45968E+12,43386260.58,8272.46,13928405.37
882,01/06/2019,7.45968E+12,55994233.74,8553.81,17500366.38
883,02/06/2019,7.45968E+12,48577778.94,8554.8,15462127.81
884,03/06/2019,7.45968E+12,44127906.06,8739.03,14378777.93
885,04/06/2019,7.45968E+12,57106701.96,8134.92,17028462.32
886,05/06/2019,7.45968E+12,59331638.4,7675.8,16774166.52
887,06/06/2019,7.45968E+12,58219170.18,7786.04,16576546.92
888,07/06/2019,7.45968E+12,58589992.92,7803.23,16904713.85
889,08/06/2019,7.45968E+12,45982019.76,7998.29,12882272.72
890,09/06/2019,7.45968E+12,54510942.78,7931.34,15040475.21
891,10/06/2019,7.45968E+12,58219170.18,7640.61,16318423.02
892,11/06/2019,7.45968E+12,53027651.82,8020.38,14984664.36
893,12/06/2019,7.45968E+12,48577778.94,7917.58,14041153.39
894,13/06/2019,7.45968E+12,55994233.74,8173.06,16311181.09
895,14/06/2019,7.41148E+12,62264123.16,8237.88,18846894.08
896,15/06/2019,7.4094E+12,53775192.23,8693.6,16609185.1
897,16/06/2019,7.4094E+12,47882020.48,8859.47,15480924.7
898,17/06/2019,7.4094E+12,48986990.18,8978.99,16680372.79
899,18/06/2019,7.4094E+12,60036687.22,9327.48,19759220.1
900,19/06/2019,7.4094E+12,65193212.5,9076.18,21219685.89
901,20/06/2019,7.4094E+12,53038545.76,9281.7,17906834.42
902,21/06/2019,7.4094E+12,48986990.18,9531.35,17538287.92
903,22/06/2019,7.4094E+12,51933576.06,10209.38,20226178.73
904,23/06/2019,7.4094E+12,66666505.44,10668.63,25447586.8
905,24/06/2019,7.4094E+12,65193212.5,10814.48,25683149.78
906,25/06/2019,7.4094E+12,53775192.23,11017.5,22012700.09
907,26/06/2019,7.4094E+12,60773333.69,11766.4,28602342.13
908,27/06/2019,7.86812E+12,55539973.18,12932.55,23684931.42
909,28/06/2019,7.93471E+12,64293187.57,11132.85,25937334.79
910,29/06/2019,7.93471E+12,68631991.64,12374.35,27405858.84
911,30/06/2019,7.93471E+12,59954383.5,11890.38,23170049.16
912,01/07/2019,7.93471E+12,56404452.9,10737.73,20510124.42
913,02/07/2019,7.93471E+12,62321003.91,10578.72,21634656.18
914,03/07/2019,7.93471E+12,67843118.18,10805.4,25660429.83
915,04/07/2019,7.93471E+12,65870934.51,11984.76,25608368.43
916,05/07/2019,7.93471E+12,74548542.65,11160.49,27132379.48
917,06/07/2019,7.93471E+12,70209738.58,10955.16,26335706.98
918,07/07/2019,7.93471E+12,60348820.24,11232.04,22174981.68
919,08/07/2019,7.93471E+12,70209738.58,11477.01,27968213.84
920,09/07/2019,8.58745E+12,65740170.46,12313.08,25335914.87
921,10/07/2019,9.06416E+12,58125055.93,12586.78,21508972.68
922,11/07/2019,9.06416E+12,58125055.93,12099.9,19960968.61
923,12/07/2019,9.06416E+12,73895419.95,11352.87,24773188.33
924,13/07/2019,9.06416E+12,63532037.88,11803.97,20609810.03
925,14/07/2019,9.06416E+12,65334365.2,11389.1,20182908.13
926,15/07/2019,9.06416E+12,65784947.03,10186.96,19638311.28
927,16/07/2019,9.06416E+12,72994256.29,10873.5,22149573.04
928,17/07/2019,9.06416E+12,59927383.25,9397.72,16501101.44
929,18/07/2019,9.06416E+12,54520401.3,9674.28,15933222.49
930,19/07/2019,9.06416E+12,53168655.82,10638.56,16208139.75
931,20/07/2019,9.06416E+12,79752983.72,10535.75,24399901.57
932,21/07/2019,9.06416E+12,67136692.51,10764.9,20103997.74
933,22/07/2019,9.06416E+12,71191928.97,10587.41,21529384.36
934,23/07/2019,9.03316E+12,64212845.18,10323.62,18769327.2
935,24/07/2019,9.01379E+12,62282811.35,9844.3,17345757
936,25/07/2019,9.01379E+12,67211666.92,9772.17,19605754.21
937,26/07/2019,9.01379E+12,74380911.39,9875.17,20745948
938,27/07/2019,9.01379E+12,68107822.48,9848.65,18834366.14
939,28/07/2019,9.01379E+12,78413611.41,9473.99,20994348.81
940,29/07/2019,9.01379E+12,75277066.95,9530,20887751.48
941,30/07/2019,9.01379E+12,63627044.68,9501.33,17750997.04
942,31/07/2019,9.01379E+12,76621300.29,9589.13,21676009.16
943,01/08/2019,9.01379E+12,63627044.68,10084.7,18606541.39
944,02/08/2019,9.01379E+12,75725144.73,10407.17,22617508.87
945,03/08/2019,9.01379E+12,77517455.85,10529.55,23901417.9
946,04/08/2019,9.01379E+12,74828989.17,10814.57,23105969.7
947,05/08/2019,9.89023E+12,70305379.01,10980.23,22256372.32
948,06/08/2019,9.98535E+12,79916269.03,11787.99,24239820.66
949,07/08/2019,9.98535E+12,75945274.3,11465.67,23489547.28
950,08/08/2019,9.98535E+12,70485156.54,11960.82,22052437.23
951,09/08/2019,9.98535E+12,72967028.25,11996.41,22823177.01
952,10/08/2019,9.98535E+12,74952525.62,11856.64,22285954.37
953,11/08/2019,9.98535E+12,75945274.3,11282.22,22402406.23
954,12/08/2019,9.98535E+12,66017787.46,11566.84,19835024.18
955,13/08/2019,9.98535E+12,77930771.67,11386.26,23339417.34
956,14/08/2019,9.98535E+12,75448899.96,10858.12,20751478.03
957,15/08/2019,9.98535E+12,77930771.67,10016.96,20403806.3
958,16/08/2019,9.98535E+12,72967028.25,10302.17,20175209.24
959,17/08/2019,9.98535E+12,63535915.75,10359.44,16818757.38
960,18/08/2019,1.00168E+13,62740159.35,10214.52,16497323.4
961,19/08/2019,1.01835E+13,82514504.79,10317.6,22512416.21
962,20/08/2019,1.01835E+13,77452265.23,10917.26,21381940.82
963,21/08/2019,1.01835E+13,68846457.98,10760.56,18133519.93
964,22/08/2019,1.01835E+13,71377577.76,10129.4,18244786.74
965,23/08/2019,1.01835E+13,77452265.23,10111.98,20303216.62
966,24/08/2019,1.01835E+13,80995832.92,10405.81,20913191.15
967,25/08/2019,1.01835E+13,78464713.14,10143.8,20023054.22
968,26/08/2019,1.01835E+13,69352681.94,10135.06,18051599.15
969,27/08/2019,1.01835E+13,68340234.03,10360.28,17790117.82
970,28/08/2019,1.01835E+13,76439817.32,10171.95,19285143.44
971,29/08/2019,1.01835E+13,83526952.7,9717.82,20199158.85
972,30/08/2019,1.01835E+13,80995832.92,9484.55,19625872.03
973,31/08/2019,1.01835E+13,84033176.66,9577.99,20380765.55
974,01/09/2019,1.06856E+13,75959123.82,9600.9,17386554.18
975,02/09/2019,1.0772E+13,79786349.93,9769.79,19567794.84
976,03/09/2019,1.0772E+13,87818532.81,10386.64,22232234.97
977,04/09/2019,1.0772E+13,72825124.77,10621.29,18375693.84
978,05/09/2019,1.0772E+13,88354011.67,10584.16,22456931.63
979,06/09/2019,1.0772E+13,84605659.66,10577.8,21464687.59
980,07/09/2019,1.0772E+13,80321828.79,10317.47,20094042.86
981,08/09/2019,1.0772E+13,94779757.97,10487.21,23644815.68
982,09/09/2019,1.0772E+13,78179913.36,10406.31,19160369.49
983,10/09/2019,1.0772E+13,97457152.27,10313.66,23662199.32
984,11/09/2019,1.0772E+13,98528109.98,10101.03,23997270.5
985,12/09/2019,1.0772E+13,84605659.66,10159.32,20481339.86
986,13/09/2019,1.09584E+13,81711974.36,10420.16,19643241.85
987,14/09/2019,1.18906E+13,91618125.63,10363.9,20523303.28
988,15/09/2019,1.18906E+13,86889448.17,10361.33,19411747.05
989,16/09/2019,1.18906E+13,96346803.08,10310.43,21460937.09
990,17/09/2019,1.18906E+13,87480532.86,10265.63,19262723.37
991,18/09/2019,1.18906E+13,102848734.6,10190.36,22533478.53
992,19/09/2019,1.18906E+13,87480532.86,10157.59,19373703.71
993,20/09/2019,1.18906E+13,89253786.9,10275.88,19539823.59
994,21/09/2019,1.18906E+13,98120057.12,10173.11,21079948.12
995,22/09/2019,1.18906E+13,98120057.12,9979.49,21169975.57
996,23/09/2019,1.18906E+13,67383653.69,10033.05,14647183.8
997,24/09/2019,1.18906E+13,92800294.99,9683.38,19220354.79
998,25/09/2019,1.18906E+13,92209210.31,8553.61,17222704.4
999,26/09/2019,1.20177E+13,102155715.1,8432.23,18142040.44
1000,27/09/2019,1.27598E+13,83726816.32,8055.64,13731933.73
1001,28/09/2019,1.27598E+13,100852756,8193.9,16399123.57
1002,29/09/2019,1.27598E+13,86263992.57,8225,14292283.47
1003,30/09/2019,1.27598E+13,82458228.19,8056.74,13436667.52
1004,01/10/2019,1.27598E+13,90704051.01,8307.74,15347785.33
1005,02/10/2019,1.27598E+13,93875521.33,8322.92,15983802.95
1006,03/10/2019,1.27598E+13,93241227.26,8382.03,15446657.01
1007,04/10/2019,1.27598E+13,93241227.26,8236.17,15198779.2
1008,05/10/2019,1.27598E+13,100218462,8155.48,16377861.17
1009,06/10/2019,1.27598E+13,94509815.39,8147.69,15379216.33
1010,07/10/2019,1.27598E+13,98315579.77,7869.74,15743886.01
1011,08/10/2019,1.27598E+13,102755638.2,8212.02,17060959.45
1012,09/10/2019,1.27598E+13,87532580.7,8190,14626389.97
1013,10/10/2019,1.28748E+13,103681264.3,8587.92,17831123.68
1014,11/10/2019,1.30081E+13,100875176.1,8586.9,17060812.1
1015,12/10/2019,1.30081E+13,86002553.97,8269.73,14021139.92
1016,13/10/2019,1.30081E+13,91822275.67,8308.01,15185999.16
1017,14/10/2019,1.30081E+13,87295825.46,8283.76,14628224.19
1018,15/10/2019,1.30081E+13,98935268.85,8353.54,16240085.96
1019,16/10/2019,1.30081E+13,92468911.41,8162.16,14633533.22
1020,17/10/2019,1.30081E+13,96995361.62,8002.51,15858419.08
1021,18/10/2019,1.30081E+13,103461719.1,8076.78,16329289.22
1022,19/10/2019,1.30081E+13,91822275.67,7954.15,14484979.9
1023,20/10/2019,1.30081E+13,94408818.64,7960.04,14984777.03
1024,21/10/2019,1.30081E+13,102815083.3,8231.06,16722180.44
1025,22/10/2019,1.30081E+13,109281440.8,8222.52,17496598.35
1026,23/10/2019,1.30691E+13,109144376.3,8026.76,17079475.39
1027,24/10/2019,1.36915E+13,90520752.86,7469.56,12594197.43
1028,25/10/2019,1.36915E+13,93923788.68,7431.88,13909079.27
1029,26/10/2019,1.36915E+13,95285003.01,8666.79,16769057.92
1030,27/10/2019,1.36915E+13,78269823.9,9259.8,13879519.95
1031,28/10/2019,1.36915E+13,91201360.02,9551.54,16254462.72
1032,29/10/2019,1.36915E+13,90520752.86,9218.76,15907595.39
1033,30/10/2019,1.36915E+13,91201360.02,9433.35,15935289.73
1034,31/10/2019,1.36915E+13,89840145.69,9164.62,15460313.8
1035,01/11/2019,1.36915E+13,88478931.37,9147.98,15476389.78
1036,02/11/2019,1.36915E+13,91201360.02,9252.99,16052149.36
1037,03/11/2019,1.36915E+13,93923788.68,9301.18,16402669.81
1038,04/11/2019,1.36915E+13,89840145.69,9206.16,15941423.77
1039,05/11/2019,1.36915E+13,98007431.67,9418.05,17451427.1
1040,06/11/2019,1.36915E+13,89840145.69,9310.19,15769410.01
1041,07/11/2019,1.36699E+13,91737090.37,9343.34,15970955.44
1042,08/11/2019,1.272E+13,80936306.12,9204.24,14762408.04
1043,09/11/2019,1.272E+13,91053344.38,8766.04,16111246.62
1044,10/11/2019,1.272E+13,104964272,8809.41,18896479.03
1045,11/11/2019,1.272E+13,95479548.62,9037.12,16881322.71
1046,12/11/2019,1.272E+13,85362510.36,8717.81,14989182.4
1047,13/11/2019,1.272E+13,85362510.36,8801.52,15067619.93
1048,14/11/2019,1.272E+13,106861216.7,8762.42,18779474.74
1049,15/11/2019,1.272E+13,99905752.86,8632.32,17351278.97
1050,16/11/2019,1.272E+13,93582603.95,8457.69,15864379.2
1051,17/11/2019,1.272E+13,97376493.3,8482.7,16582477.3
1052,18/11/2019,1.272E+13,88524084.81,8503.93,14963381.52
1053,19/11/2019,1.272E+13,92950289.06,8175.99,15599060.26
1054,20/11/2019,1.272E+13,89788714.6,8120.8,14807093.07
1055,21/11/2019,1.27958E+13,87143254.96,8081.81,13715760.95
1056,22/11/2019,1.29732E+13,85127203.65,7617.07,12538677.98
1057,23/11/2019,1.29732E+13,111568229,7286.35,16178363.03
1058,24/11/2019,1.29732E+13,84482300.6,7324.03,11832812.58
1059,25/11/2019,1.29732E+13,80612882.25,6907.4,11205569.82
1060,26/11/2019,1.29732E+13,78678173.07,7130.25,11167150.57
1061,27/11/2019,1.29732E+13,89641525.06,7163.63,12848987.49
1062,28/11/2019,1.29732E+13,105119198.5,7523.83,15917751.91
1063,29/11/2019,1.29732E+13,87706815.88,7431,14142605.49
1064,30/11/2019,1.29732E+13,81257785.31,7757.47,12281980.57
1065,01/12/2019,1.29732E+13,89641525.06,7557.72,12925726.37
1066,02/12/2019,1.29732E+13,93510943.41,7402.69,13446041.66
1067,03/12/2019,1.29732E+13,101894683.2,7309.59,14637722.11
1068,04/12/2019,1.29732E+13,107698810.7,7296.77,15591131.4
1069,05/12/2019,1.2956E+13,93386357.5,7192.85,13451289.42
1070,06/12/2019,1.28768E+13,92816137.38,7395.97,13603961.75
1071,07/12/2019,1.28768E+13,99217250.3,7547.19,15286888.49
1072,08/12/2019,1.28768E+13,94736471.25,7504.83,13969510.4
1073,09/12/2019,1.28768E+13,94736471.25,7522.39,13970881.97
1074,10/12/2019,1.28768E+13,94736471.25,7337.42,13646564.11
1075,11/12/2019,1.28768E+13,84494690.58,7220.76,12062018.83
1076,12/12/2019,1.28768E+13,85134801.87,7202.31,12076200.2
1077,13/12/2019,1.28768E+13,97296916.42,7189.16,14060284.47
1078,14/12/2019,1.28768E+13,96656805.13,7251.87,13824044.96
1079,15/12/2019,1.28768E+13,79373800.24,7067.74,11126047.87
1080,16/12/2019,1.28768E+13,100497472.9,7111.14,14132643.71
1081,17/12/2019,1.28768E+13,90255692.21,6879.54,12121833.95
1082,18/12/2019,1.28768E+13,85774913.16,6612.12,11695182.78
1083,19/12/2019,1.28928E+13,100622310.1,7284.29,14591652.02
1084,20/12/2019,1.29486E+13,100413779,7150.86,14124384.46
1085,21/12/2019,1.29486E+13,113287340.4,7190.17,15844785.32
1086,22/12/2019,1.29486E+13,108781593.9,7143.2,15337832.97
1087,23/12/2019,1.29486E+13,92045964.05,7514.41,13758030.76
1088,24/12/2019,1.29486E+13,80459758.78,7322.08,11525831.91
1089,25/12/2019,1.29486E+13,82390793,7250.69,11634910.29
1090,26/12/2019,1.29486E+13,107494237.7,7192.72,15752637.61
1091,27/12/2019,1.29486E+13,93333320.19,7194.4,13514433.19
1092,28/12/2019,1.29486E+13,95908032.47,7243.93,13698700.74
1093,29/12/2019,1.29486E+13,99770100.89,7301.07,14317659.02
1094,30/12/2019,1.29486E+13,106850559.7,7385.36,15446347.04
1095,31/12/2019,1.29486E+13,93333320.19,7219.6,13152944.22
1096,01/01/2020,1.30317E+13,112718458.5,7168.31,15907075.79
